id,first_name,last_name,email,gender,ip_address
1,Benny,Vasentsov,bvasentsov0@marriott.com,Male,233.38.218.212
2,Palm,Boullin,pboullin1@harvard.edu,Male,62.193.65.108
3,Perrine,Mullinger,pmullinger2@netscape.com,Female,164.66.181.29
4,Jarret,Pipe,jpipe3@creativecommons.org,Male,136.121.9.71
5,Tommy,Cleynaert,tcleynaert4@mayoclinic.com,Female,147.3.51.62
6,Willdon,Sphinxe,wsphinxe5@tinyurl.com,Male,38.232.97.226
7,Arnaldo,Size,asize6@examiner.com,Male,202.67.197.12
8,Juliana,Gallardo,jgallardo7@homestead.com,Female,215.6.4.53
9,Mitch,Van Hove,mvanhove8@youku.com,Male,168.48.139.182
10,Anallise,Hodinton,ahodinton9@tinyurl.com,Female,26.66.204.56
11,Pablo,Janz,pjanza@ning.com,Male,0.46.64.124
12,Husein,Beadnell,hbeadnellb@sitemeter.com,Male,82.105.43.255
13,Igor,Bleacher,ibleacherc@engadget.com,Male,83.97.134.17
14,Lorette,McDowell,lmcdowelld@nhs.uk,Female,70.221.18.178
15,Deborah,Predohl,dpredohle@imdb.com,Female,175.98.124.244
16,Colby,Clelle,cclellef@mozilla.org,Male,51.205.150.165
17,Damara,Hamlett,dhamlettg@moonfruit.com,Female,206.26.18.8
18,Saul,Weddell,sweddellh@php.net,Male,43.28.175.41
19,Nicky,Fielding,nfieldingi@wisc.edu,Female,197.46.7.244
20,Karon,Twells,ktwellsj@wiley.com,Female,98.44.205.15
21,Lina,Bispham,lbisphamk@goo.ne.jp,Female,226.139.19.87
22,Grannie,Durkin,gdurkinl@wikispaces.com,Male,167.112.64.107
23,Frederich,Le Bosse,flebossem@census.gov,Male,182.31.153.67
24,James,Spurge,jspurgen@163.com,Male,4.183.24.31
25,Kaile,Kolyagin,kkolyagino@hatena.ne.jp,Female,31.251.86.248
26,Casper,Winkless,cwinklessp@imdb.com,Male,170.151.96.196
27,Johnnie,Andreotti,jandreottiq@nytimes.com,Male,235.77.70.10
28,Constantino,Wilkinson,cwilkinsonr@typepad.com,Male,228.194.221.151
29,Garik,Noods,gnoodss@liveinternet.ru,Male,133.249.92.83
30,Friederike,Dimitrescu,fdimitrescut@bing.com,Female,84.30.75.181
31,Chrysler,Leindecker,cleindeckeru@reuters.com,Female,152.241.101.137
32,Charissa,Yakutin,cyakutinv@jugem.jp,Female,178.230.227.115
33,Rozanna,Wealleans,rwealleansw@netlog.com,Female,84.74.16.8
34,Felice,Becconsall,fbecconsallx@fema.gov,Female,186.68.127.240
35,Leesa,Weal,lwealy@nsw.gov.au,Female,140.80.26.203
36,Athene,Rosenbaum,arosenbaumz@topsy.com,Female,150.148.228.134
37,Cal,Alday,calday10@thetimes.co.uk,Male,17.208.6.104
38,Alix,Bonsale,abonsale11@dmoz.org,Male,0.239.113.124
39,Gian,Milne,gmilne12@pen.io,Male,194.91.103.135
40,Paco,Dodle,pdodle13@list-manage.com,Male,128.6.18.58
41,Stephannie,Hallum,shallum14@imgur.com,Female,202.47.110.96
42,Malachi,Satterly,msatterly15@gov.uk,Male,118.201.196.165
43,Glenn,Gerard,ggerard16@ezinearticles.com,Male,170.167.78.230
44,Ashia,Jacobovitz,ajacobovitz17@va.gov,Female,71.159.79.189
45,Wendie,Brann,wbrann18@tinyurl.com,Female,93.123.246.211
46,Care,Schroder,cschroder19@cocolog-nifty.com,Male,123.121.219.78
47,Sharron,Deam,sdeam1a@sciencedirect.com,Female,254.44.144.23
48,Cordy,McCloughen,cmccloughen1b@shinystat.com,Female,10.147.249.0
49,Sherlock,Fynes,sfynes1c@tuttocitta.it,Male,116.107.128.18
50,Aarika,Cansdell,acansdell1d@microsoft.com,Female,0.67.95.81
51,Errick,Nisius,enisius1e@loc.gov,Male,41.185.33.97
52,Rosaleen,Harryman,rharryman1f@flavors.me,Female,48.162.125.192
53,Felic,Whitchurch,fwhitchurch1g@hao123.com,Male,231.91.216.247
54,Jerrilyn,Du Hamel,jduhamel1h@mozilla.org,Female,49.231.126.167
55,Clary,Condon,ccondon1i@last.fm,Female,164.30.19.144
56,Jolynn,Oxnam,joxnam1j@arstechnica.com,Female,68.218.174.167
57,Chanda,Benbrick,cbenbrick1k@wikipedia.org,Female,26.128.34.115
58,Malissa,Tubritt,mtubritt1l@1688.com,Female,101.167.195.1
59,Tadeas,Bimson,tbimson1m@seesaa.net,Male,203.203.88.221
60,Shae,Melin,smelin1n@live.com,Male,243.65.53.78
61,Constantine,Bearcroft,cbearcroft1o@blog.com,Male,12.63.91.240
62,Andee,Niece,aniece1p@google.com.au,Female,19.173.31.10
63,Austine,Tallach,atallach1q@telegraph.co.uk,Female,199.229.238.133
64,Ricca,Drinkale,rdrinkale1r@chron.com,Female,206.69.227.197
65,Osmond,Vaskov,ovaskov1s@cocolog-nifty.com,Male,176.173.5.215
66,Linette,Walczynski,lwalczynski1t@slate.com,Female,107.214.74.10
67,Bobette,Winterflood,bwinterflood1u@gravatar.com,Female,129.122.103.22
68,Cami,Allewell,callewell1v@yahoo.co.jp,Female,216.54.0.127
69,Lion,Jaggers,ljaggers1w@bloomberg.com,Male,238.113.150.64
70,Luz,Crasford,lcrasford1x@themeforest.net,Female,234.7.37.46
71,Raynor,Stendell,rstendell1y@tmall.com,Male,72.30.105.17
72,Reidar,Slimon,rslimon1z@jigsy.com,Male,60.242.102.95
73,Pincas,Libbey,plibbey20@istockphoto.com,Male,133.94.19.41
74,Gradeigh,Clague,gclague21@quantcast.com,Male,56.96.69.5
75,Issi,Godin,igodin22@google.co.jp,Female,168.97.130.136
76,Lanni,Maus,lmaus23@addthis.com,Female,26.254.168.246
77,Taylor,Fortye,tfortye24@unc.edu,Male,214.20.254.200
78,Olive,Persehouse,opersehouse25@usnews.com,Female,251.55.7.78
79,Faun,Masser,fmasser26@squarespace.com,Female,59.248.124.44
80,Laural,Curzey,lcurzey27@skyrock.com,Female,158.139.68.37
81,Kalina,Kerrich,kkerrich28@liveinternet.ru,Female,235.6.30.239
82,Norton,Petrelli,npetrelli29@wix.com,Male,4.189.59.2
83,Carrissa,Rattery,crattery2a@cornell.edu,Female,67.252.94.156
84,Derick,Gauntlett,dgauntlett2b@cnet.com,Male,205.249.229.203
85,Arther,Mollene,amollene2c@omniture.com,Male,165.18.240.156
86,Correy,Warhurst,cwarhurst2d@xing.com,Female,11.116.61.82
87,Otha,New,onew2e@liveinternet.ru,Female,49.138.22.129
88,Theda,Kippin,tkippin2f@bloglovin.com,Female,49.83.73.127
89,Kylynn,Bortolotti,kbortolotti2g@cbc.ca,Female,232.52.72.203
90,Henrietta,Blower,hblower2h@1und1.de,Female,95.108.19.185
91,Pen,Cleaveland,pcleaveland2i@house.gov,Female,227.249.206.230
92,Almire,Cruikshanks,acruikshanks2j@twitpic.com,Female,99.152.70.143
93,Letta,Blondelle,lblondelle2k@redcross.org,Female,224.118.82.223
94,Innis,Keese,ikeese2l@icio.us,Male,142.51.151.228
95,Rafaelia,Cobleigh,rcobleigh2m@home.pl,Female,134.238.125.227
96,Jessalin,Gaitung,jgaitung2n@earthlink.net,Female,254.99.175.187
97,Zechariah,Favey,zfavey2o@bandcamp.com,Male,49.72.217.33
98,Yale,Bruff,ybruff2p@sourceforge.net,Male,204.211.60.232
99,Giorgio,Lomasna,glomasna2q@columbia.edu,Male,132.130.121.21
100,Yoshiko,Revan,yrevan2r@google.com.br,Female,165.169.41.126
101,Tallie,Dannatt,tdannatt2s@nymag.com,Male,103.188.61.65
102,Jerrold,Baggally,jbaggally2t@kickstarter.com,Male,32.245.101.178
103,Ardyce,Rowson,arowson2u@sfgate.com,Female,59.129.128.92
104,Kristy,Elener,kelener2v@oracle.com,Female,231.204.62.36
105,Hirsch,GiacobbiniJacob,hgiacobbinijacob2w@hp.com,Male,32.14.68.104
106,George,Burniston,gburniston2x@biglobe.ne.jp,Male,3.140.189.202
107,Chere,Hurdiss,churdiss2y@skyrock.com,Female,9.130.81.220
108,Holt,Cussen,hcussen2z@example.com,Male,191.127.37.25
109,Jacqui,Peizer,jpeizer30@state.tx.us,Female,151.202.110.155
110,Sacha,Michelmore,smichelmore31@smugmug.com,Female,239.170.35.32
111,Gannon,Hawksworth,ghawksworth32@mapy.cz,Male,77.53.60.81
112,Christy,Bullick,cbullick33@oaic.gov.au,Female,13.244.134.103
113,Chadwick,Twelvetrees,ctwelvetrees34@nifty.com,Male,137.8.228.32
114,Ricard,Vinson,rvinson35@chronoengine.com,Male,212.26.186.155
115,Nowell,Greason,ngreason36@lycos.com,Male,191.176.75.172
116,Giraldo,Meadows,gmeadows37@shinystat.com,Male,94.204.128.224
117,Bailie,Traice,btraice38@addtoany.com,Male,201.37.117.20
118,Brenden,Whitmore,bwhitmore39@taobao.com,Male,235.56.84.31
119,Rachel,Balazot,rbalazot3a@shutterfly.com,Female,94.122.230.175
120,Lyle,Bollam,lbollam3b@statcounter.com,Male,120.70.6.68
121,Dietrich,Mc Cahey,dmccahey3c@miibeian.gov.cn,Male,123.42.157.212
122,Jed,Tremonte,jtremonte3d@instagram.com,Male,85.93.247.233
123,Iver,Withnall,iwithnall3e@wiley.com,Male,130.179.245.98
124,Piggy,Braker,pbraker3f@skype.com,Male,175.209.209.72
125,Ferdy,O'Rowane,forowane3g@umn.edu,Male,252.125.236.35
126,Jacklin,Kesteven,jkesteven3h@squidoo.com,Female,240.74.61.63
127,Luisa,Mandy,lmandy3i@tiny.cc,Female,12.86.107.82
128,Pincus,Gilbank,pgilbank3j@google.nl,Male,155.135.105.129
129,Elton,Hovy,ehovy3k@japanpost.jp,Male,110.33.65.243
130,Stephannie,Vockings,svockings3l@un.org,Female,134.213.13.0
131,Jackie,Babington,jbabington3m@over-blog.com,Male,17.130.53.39
132,Emyle,Pigden,epigden3n@freewebs.com,Female,39.207.23.75
133,Maryjo,Mattiassi,mmattiassi3o@topsy.com,Female,140.132.71.250
134,Pedro,Carlow,pcarlow3p@rambler.ru,Male,90.200.198.46
135,Raychel,Doumic,rdoumic3q@barnesandnoble.com,Female,169.204.238.61
136,Fabiano,de Villier,fdevillier3r@cam.ac.uk,Male,55.92.47.8
137,Gallard,Cranson,gcranson3s@imdb.com,Male,233.173.11.30
138,Franni,Thickens,fthickens3t@geocities.jp,Female,37.227.236.22
139,Kyla,Lokier,klokier3u@netlog.com,Female,48.112.15.230
140,Birgitta,Dictus,bdictus3v@addthis.com,Female,124.167.191.38
141,Jenilee,Millbank,jmillbank3w@github.io,Female,31.115.173.158
142,Rudie,Chadwen,rchadwen3x@aboutads.info,Male,84.29.19.56
143,Marlena,Bernollet,mbernollet3y@intel.com,Female,132.80.63.84
144,Elsa,Wahlberg,ewahlberg3z@altervista.org,Female,171.20.98.107
145,Elizabeth,Matuszewski,ematuszewski40@networksolutions.com,Female,134.129.84.205
146,Phil,Smead,psmead41@networksolutions.com,Female,250.111.184.187
147,Rozalin,Symmers,rsymmers42@trellian.com,Female,38.228.12.191
148,Mignonne,Fackrell,mfackrell43@cbslocal.com,Female,212.14.101.133
149,Mart,Fielders,mfielders44@usatoday.com,Male,19.167.198.21
150,Rooney,Ambrogioli,rambrogioli45@mashable.com,Male,138.1.6.211
151,Mellisent,Stoppe,mstoppe46@ed.gov,Female,86.99.248.23
152,Collie,Rumke,crumke47@uol.com.br,Female,91.209.29.63
153,Wallas,Sircombe,wsircombe48@narod.ru,Male,240.174.126.50
154,Felice,Prettyjohns,fprettyjohns49@shinystat.com,Male,54.207.17.167
155,Ronald,Munt,rmunt4a@ehow.com,Male,136.108.66.113
156,Chandra,Ambrogelli,cambrogelli4b@nbcnews.com,Female,48.141.28.231
157,Nissy,Gynn,ngynn4c@bing.com,Female,255.95.38.118
158,Nomi,Rapport,nrapport4d@apache.org,Female,78.2.227.238
159,Bevin,Wigzell,bwigzell4e@zimbio.com,Male,96.220.240.161
160,Stesha,Aloigi,saloigi4f@miitbeian.gov.cn,Female,55.32.163.251
161,Bryce,Pinard,bpinard4g@irs.gov,Male,195.91.78.143
162,Roshelle,Saby,rsaby4h@tiny.cc,Female,142.51.170.218
163,Ed,Ismail,eismail4i@prlog.org,Male,166.11.124.170
164,Malinda,Gosdin,mgosdin4j@meetup.com,Female,197.65.250.94
165,Radcliffe,Wallentin,rwallentin4k@tinyurl.com,Male,186.206.75.143
166,Phillie,Romney,promney4l@simplemachines.org,Female,10.163.64.159
167,Germaine,Hum,ghum4m@nhs.uk,Male,158.56.119.6
168,Alexio,Olyfant,aolyfant4n@bloglines.com,Male,40.201.229.188
169,Magdaia,Bayless,mbayless4o@prlog.org,Female,183.99.56.67
170,Ab,Jodlowski,ajodlowski4p@ezinearticles.com,Male,51.167.56.178
171,Sula,Nucator,snucator4q@unc.edu,Female,99.129.97.248
172,Flora,Aldren,faldren4r@bbc.co.uk,Female,186.89.94.2
173,Letisha,Latimer,llatimer4s@clickbank.net,Female,156.56.6.194
174,Albrecht,Boyes,aboyes4t@biglobe.ne.jp,Male,29.255.53.36
175,Alfie,Lemmer,alemmer4u@studiopress.com,Female,85.4.31.218
176,Ardella,Maulin,amaulin4v@flavors.me,Female,101.93.108.202
177,Clayson,Furmedge,cfurmedge4w@joomla.org,Male,215.53.162.56
178,Taber,Dominico,tdominico4x@squarespace.com,Male,216.117.0.100
179,Delphine,Himsworth,dhimsworth4y@diigo.com,Female,148.43.117.111
180,Cristin,Shimwall,cshimwall4z@bbc.co.uk,Female,166.128.98.68
181,Nobie,Treeby,ntreeby50@trellian.com,Male,131.227.200.230
182,Helene,Goble,hgoble51@google.de,Female,14.198.149.43
183,Eden,Aleksandrikin,ealeksandrikin52@go.com,Female,74.15.46.36
184,Giuditta,Hanham,ghanham53@surveymonkey.com,Female,59.148.139.83
185,Amby,Swannie,aswannie54@smugmug.com,Male,37.194.130.6
186,Violet,Senton,vsenton55@house.gov,Female,177.211.211.55
187,Britt,Ebrall,bebrall56@google.com.hk,Male,216.28.43.1
188,Beverlee,Stain,bstain57@biglobe.ne.jp,Female,34.166.36.29
189,Benjie,Earle,bearle58@techcrunch.com,Male,188.37.192.102
190,Ruprecht,Mellish,rmellish59@de.vu,Male,34.15.102.239
191,Toinette,Lilly,tlilly5a@elpais.com,Female,194.191.6.240
192,Shelley,Udall,sudall5b@alibaba.com,Male,253.58.98.40
193,Robby,Fiddyment,rfiddyment5c@usatoday.com,Female,113.68.95.45
194,Nobie,Ference,nference5d@miibeian.gov.cn,Male,17.129.196.26
195,Gabriellia,Pistol,gpistol5e@comcast.net,Female,35.22.205.140
196,Pate,Theobold,ptheobold5f@usgs.gov,Male,6.74.245.150
197,Baryram,Sherrell,bsherrell5g@pagesperso-orange.fr,Male,65.88.17.27
198,Muffin,Pitway,mpitway5h@livejournal.com,Male,214.92.14.219
199,Elwood,Battison,ebattison5i@elegantthemes.com,Male,134.196.45.247
200,Euell,Hellis,ehellis5j@squidoo.com,Male,76.65.119.118
201,Jasmine,Walkingshaw,jwalkingshaw5k@arizona.edu,Female,142.183.128.94
202,Eliza,Petrasso,epetrasso5l@abc.net.au,Female,163.192.245.10
203,Christophe,Eubank,ceubank5m@acquirethisname.com,Male,60.195.184.185
204,Farlie,Arnke,farnke5n@cyberchimps.com,Male,190.51.200.75
205,Rem,Eingerfield,reingerfield5o@guardian.co.uk,Male,202.184.18.192
206,Dniren,Wadley,dwadley5p@skype.com,Female,31.194.226.150
207,Christie,Golt,cgolt5q@jimdo.com,Female,0.122.112.106
208,Schuyler,Blasing,sblasing5r@gov.uk,Male,232.63.106.6
209,Baily,Hunnicot,bhunnicot5s@sourceforge.net,Male,73.219.74.225
210,Hartwell,Emanuel,hemanuel5t@mail.ru,Male,110.85.124.78
211,Xenos,Bletcher,xbletcher5u@alexa.com,Male,205.177.89.91
212,Jaclin,Barrowcliffe,jbarrowcliffe5v@prweb.com,Female,128.193.149.224
213,Susy,Quernel,squernel5w@mysql.com,Female,46.119.25.238
214,Rodina,Amies,ramies5x@woothemes.com,Female,135.100.125.105
215,Hobie,Abramovic,habramovic5y@ning.com,Male,206.252.56.131
216,Linda,Greser,lgreser5z@mit.edu,Female,0.170.33.121
217,Patsy,Digges,pdigges60@google.nl,Male,245.15.46.65
218,Abbe,Burgon,aburgon61@uol.com.br,Female,106.178.46.37
219,Deena,Neumann,dneumann62@lycos.com,Female,229.125.245.44
220,Orin,Fautly,ofautly63@mozilla.com,Male,147.231.182.45
221,Fiona,Suthworth,fsuthworth64@senate.gov,Female,105.30.189.25
222,Dasie,Habard,dhabard65@columbia.edu,Female,68.25.115.132
223,Tiff,Royan,troyan66@blinklist.com,Female,37.134.14.1
224,Cally,Rolingson,crolingson67@elpais.com,Female,118.49.233.222
225,Vidovic,Rubberts,vrubberts68@ask.com,Male,136.180.240.221
226,Sheppard,Crowther,scrowther69@fda.gov,Male,147.46.52.65
227,Neddie,Stendell,nstendell6a@soup.io,Male,137.141.222.54
228,Cristen,Tobias,ctobias6b@constantcontact.com,Female,37.206.225.237
229,Rora,Tills,rtills6c@businessweek.com,Female,174.34.248.99
230,Ludovico,Bousler,lbousler6d@pcworld.com,Male,202.184.146.120
231,Lee,Warstall,lwarstall6e@shop-pro.jp,Female,2.204.42.146
232,Winny,Elliss,welliss6f@acquirethisname.com,Male,192.74.168.115
233,Thaine,Galbraeth,tgalbraeth6g@seesaa.net,Male,221.140.29.225
234,Byrle,McDonald,bmcdonald6h@umich.edu,Male,14.126.154.100
235,Ninetta,Degenhardt,ndegenhardt6i@bizjournals.com,Female,230.64.173.26
236,Cob,Siddens,csiddens6j@digg.com,Male,188.75.36.238
237,Carole,Emmison,cemmison6k@hatena.ne.jp,Female,230.70.28.22
238,Jarrid,Hissett,jhissett6l@blog.com,Male,141.40.198.33
239,Ynes,Waugh,ywaugh6m@1und1.de,Female,163.252.127.11
240,Lorrin,Blewitt,lblewitt6n@youku.com,Female,90.206.165.219
241,Woodie,Ellingsworth,wellingsworth6o@cnbc.com,Male,79.204.99.159
242,Gladi,Moorhead,gmoorhead6p@harvard.edu,Female,12.56.181.9
243,Chris,Friary,cfriary6q@hubpages.com,Male,20.246.72.211
244,Prent,Rabier,prabier6r@vk.com,Male,244.40.157.110
245,Cassey,Graser,cgraser6s@1688.com,Female,202.84.229.129
246,Ray,Gullivan,rgullivan6t@cocolog-nifty.com,Male,22.146.238.97
247,Enrichetta,Bruniges,ebruniges6u@ezinearticles.com,Female,162.45.51.243
248,Eugenius,Ondracek,eondracek6v@uiuc.edu,Male,255.117.194.5
249,Pennie,Geal,pgeal6w@xing.com,Male,0.116.245.205
250,Angel,Blaschke,ablaschke6x@biblegateway.com,Female,32.204.107.75
251,Lyndell,Kubas,lkubas6y@statcounter.com,Female,65.132.94.216
252,Tibold,McAndrew,tmcandrew6z@unblog.fr,Male,182.3.106.149
253,Mervin,Tonna,mtonna70@disqus.com,Male,175.101.176.36
254,Eddy,Gissop,egissop71@mit.edu,Female,78.135.216.78
255,Ester,Lasseter,elasseter72@kickstarter.com,Female,212.38.139.53
256,Gaspar,Birchwood,gbirchwood73@geocities.jp,Male,165.46.141.237
257,Alick,Paumier,apaumier74@pcworld.com,Male,21.65.18.79
258,Ewart,Daveridge,edaveridge75@weebly.com,Male,79.120.239.169
259,Laurent,Sime,lsime76@pcworld.com,Male,206.111.153.119
260,Wilbur,Whitbread,wwhitbread77@jalbum.net,Male,65.138.13.48
261,Isaac,Saph,isaph78@sciencedaily.com,Male,171.131.151.54
262,Gwenora,Hawkeridge,ghawkeridge79@usgs.gov,Female,201.6.63.18
263,Lyndsay,Smallpeice,lsmallpeice7a@gmpg.org,Female,192.126.156.91
264,Kingsley,Parnell,kparnell7b@alexa.com,Male,45.214.115.124
265,Veda,Sedgeman,vsedgeman7c@ucoz.com,Female,229.197.126.52
266,Gannon,Cottrell,gcottrell7d@desdev.cn,Male,158.238.34.75
267,Lianne,Silverthorn,lsilverthorn7e@biblegateway.com,Female,11.116.0.47
268,Concordia,Benallack,cbenallack7f@skype.com,Female,160.24.122.69
269,Bryan,Barrowclough,bbarrowclough7g@ca.gov,Male,160.56.42.43
270,Sol,Tofpik,stofpik7h@ftc.gov,Male,115.98.44.156
271,Aron,Sackur,asackur7i@topsy.com,Male,104.14.169.139
272,Charin,Yallop,cyallop7j@reddit.com,Female,74.36.221.55
273,Wilbur,Beckensall,wbeckensall7k@meetup.com,Male,84.173.123.104
274,Standford,Kesley,skesley7l@shop-pro.jp,Male,58.117.217.34
275,Freddie,Quinlan,fquinlan7m@mashable.com,Female,243.112.178.54
276,Rube,McQuin,rmcquin7n@businesswire.com,Male,42.108.32.63
277,Rogerio,Ambroz,rambroz7o@umn.edu,Male,172.2.62.0
278,Ambrosius,Synke,asynke7p@craigslist.org,Male,16.44.47.3
279,Barn,Embleton,bembleton7q@marriott.com,Male,221.30.170.32
280,Eda,O'Hollegan,eohollegan7r@columbia.edu,Female,204.41.45.37
281,Madalena,Lartice,mlartice7s@nasa.gov,Female,133.99.226.114
282,Dulcie,Rodgier,drodgier7t@smugmug.com,Female,138.143.30.63
283,Hubie,Oppery,hoppery7u@fastcompany.com,Male,219.156.131.39
284,Hyatt,Gallen,hgallen7v@prweb.com,Male,81.109.41.31
285,Alverta,McClaughlin,amcclaughlin7w@t.co,Female,233.69.131.58
286,Em,Ryman,eryman7x@topsy.com,Female,115.112.102.250
287,Maridel,Otridge,motridge7y@yellowbook.com,Female,108.119.27.227
288,Liana,Adin,ladin7z@google.cn,Female,221.205.18.90
289,Vic,Borges,vborges80@cornell.edu,Male,51.48.152.97
290,Emmet,Kedward,ekedward81@fastcompany.com,Male,118.188.251.224
291,Rogers,Pashbee,rpashbee82@sourceforge.net,Male,186.214.84.222
292,Floria,Lettsom,flettsom83@dagondesign.com,Female,195.238.58.236
293,Gustaf,Delahunty,gdelahunty84@g.co,Male,222.67.232.55
294,Giffard,Leyson,gleyson85@wikia.com,Male,237.223.66.221
295,Say,Stonebridge,sstonebridge86@wikipedia.org,Male,50.236.242.215
296,Birk,Motion,bmotion87@etsy.com,Male,251.254.240.82
297,Raynard,Bernadot,rbernadot88@epa.gov,Male,96.186.230.160
298,Wade,Gillcrist,wgillcrist89@behance.net,Male,230.71.232.30
299,Livvyy,Comelli,lcomelli8a@networkadvertising.org,Female,150.186.67.218
300,Dacy,Gorthy,dgorthy8b@scribd.com,Female,126.12.38.113
301,Osborn,Cammidge,ocammidge8c@domainmarket.com,Male,185.150.102.115
302,Eadmund,Coppens,ecoppens8d@dailymail.co.uk,Male,61.210.79.225
303,Giles,Hillum,ghillum8e@gmpg.org,Male,19.28.147.48
304,Cleopatra,Kingdon,ckingdon8f@wikia.com,Female,86.3.127.193
305,Vin,Durrant,vdurrant8g@exblog.jp,Male,140.25.108.230
306,Ned,Cartan,ncartan8h@webmd.com,Male,238.178.109.76
307,Royall,Atkinson,ratkinson8i@mashable.com,Male,232.129.64.10
308,Aloise,Dibner,adibner8j@columbia.edu,Female,110.12.204.161
309,Carin,Polon,cpolon8k@tmall.com,Female,158.95.75.210
310,Dora,Laffoley-Lane,dlaffoleylane8l@yellowpages.com,Female,125.159.191.146
311,Davon,Aldus,daldus8m@noaa.gov,Male,233.243.142.144
312,Fayre,Margeram,fmargeram8n@apple.com,Female,166.225.59.1
313,Clay,Roux,croux8o@sourceforge.net,Male,5.254.223.21
314,Cheryl,Davydochkin,cdavydochkin8p@huffingtonpost.com,Female,211.255.233.49
315,Urbano,De La Hay,udelahay8q@dion.ne.jp,Male,200.191.140.228
316,Austen,Faughey,afaughey8r@live.com,Male,233.38.221.175
317,Tamas,Bodker,tbodker8s@google.fr,Male,228.188.171.226
318,Xylina,McGrayle,xmcgrayle8t@omniture.com,Female,155.6.167.224
319,Herold,Roskelly,hroskelly8u@pinterest.com,Male,247.249.150.177
320,Shanie,Sotheron,ssotheron8v@posterous.com,Female,134.220.51.217
321,Lance,Kiossel,lkiossel8w@booking.com,Male,39.194.45.57
322,Marcel,Dighton,mdighton8x@sina.com.cn,Male,125.161.121.213
323,Mae,Kiehne,mkiehne8y@shareasale.com,Female,112.67.11.0
324,Steffi,Loveredge,sloveredge8z@microsoft.com,Female,26.165.59.241
325,Wittie,Cliss,wcliss90@gov.uk,Male,127.43.33.249
326,Quintus,Ullock,qullock91@cornell.edu,Male,155.241.90.26
327,Rossy,Maskill,rmaskill92@woothemes.com,Male,139.56.171.171
328,Samuele,Daborne,sdaborne93@qq.com,Male,8.14.196.184
329,Charmain,Crumb,ccrumb94@paginegialle.it,Female,34.128.127.185
330,Karyn,Waddoups,kwaddoups95@discovery.com,Female,122.176.152.173
331,Nedda,Baitson,nbaitson96@feedburner.com,Female,63.43.97.212
332,Isaac,Reckhouse,ireckhouse97@epa.gov,Male,176.251.192.255
333,Timmie,Cavell,tcavell98@digg.com,Male,211.28.87.32
334,Alwin,Badcock,abadcock99@bbc.co.uk,Male,244.184.196.255
335,Morgun,Extill,mextill9a@vimeo.com,Male,78.165.250.161
336,Bianca,Dohmer,bdohmer9b@nymag.com,Female,3.3.6.89
337,Maye,Jouhandeau,mjouhandeau9c@washingtonpost.com,Female,226.64.207.142
338,Murial,Hughlock,mhughlock9d@blogspot.com,Female,77.200.1.36
339,Mamie,Greave,mgreave9e@umich.edu,Female,139.168.30.164
340,Elvera,Rickets,erickets9f@washingtonpost.com,Female,197.193.112.233
341,Galvan,Ruppert,gruppert9g@yandex.ru,Male,218.50.95.189
342,Winnah,Hollindale,whollindale9h@google.co.uk,Female,110.213.175.129
343,Wallis,Lorenzetti,wlorenzetti9i@e-recht24.de,Male,159.58.172.7
344,Cart,Deaville,cdeaville9j@google.com.au,Male,85.61.150.57
345,Pernell,Brannon,pbrannon9k@youtube.com,Male,89.235.147.181
346,Pennie,Feltoe,pfeltoe9l@timesonline.co.uk,Male,50.63.7.44
347,Alford,Frotton,afrotton9m@geocities.jp,Male,224.224.168.97
348,Gus,Yellop,gyellop9n@123-reg.co.uk,Female,19.210.137.59
349,Phedra,Catonnet,pcatonnet9o@macromedia.com,Female,147.77.92.209
350,Giffard,Butting,gbutting9p@bloomberg.com,Male,224.246.115.222
351,Markos,Danilin,mdanilin9q@discovery.com,Male,155.57.205.232
352,Nathalie,Benitti,nbenitti9r@rambler.ru,Female,57.33.169.151
353,Laureen,Sawart,lsawart9s@mail.ru,Female,70.219.150.130
354,Roscoe,Beton,rbeton9t@wp.com,Male,129.215.11.250
355,Prudi,Chrisp,pchrisp9u@taobao.com,Female,216.181.144.86
356,Orelia,Crawcour,ocrawcour9v@multiply.com,Female,112.193.200.200
357,Kania,Stearnes,kstearnes9w@bbc.co.uk,Female,161.94.5.135
358,Melinde,Gresswell,mgresswell9x@ycombinator.com,Female,67.213.248.124
359,Rice,Dougliss,rdougliss9y@webs.com,Male,92.197.64.195
360,Ariel,Wilbud,awilbud9z@edublogs.org,Female,13.206.47.34
361,Ruthanne,Peggram,rpeggrama0@miitbeian.gov.cn,Female,153.34.228.197
362,Annadiane,Dewsnap,adewsnapa1@taobao.com,Female,92.81.33.193
363,Tate,Scad,tscada2@bing.com,Female,185.71.30.201
364,Westbrooke,Georger,wgeorgera3@ft.com,Male,94.59.207.0
365,Mirna,Havock,mhavocka4@unesco.org,Female,66.46.228.125
366,Nealson,Corter,ncortera5@ebay.com,Male,83.160.151.156
367,Cordy,Andrzejewski,candrzejewskia6@ucoz.com,Male,106.254.229.243
368,Kory,Normanvell,knormanvella7@blinklist.com,Male,202.4.249.186
369,Cort,Semechik,csemechika8@ucsd.edu,Male,211.35.98.205
370,Neilla,Edgson,nedgsona9@china.com.cn,Female,179.223.74.115
371,Karlee,Blockley,kblockleyaa@google.pl,Female,118.226.11.96
372,Nerti,Kanzler,nkanzlerab@squarespace.com,Female,154.91.198.48
373,Thadeus,Summerley,tsummerleyac@mac.com,Male,90.166.27.97
374,Tobie,Pantling,tpantlingad@amazon.com,Male,67.138.62.177
375,Gertruda,Ranald,granaldae@intel.com,Female,208.1.200.169
376,Terry,Vase,tvaseaf@imageshack.us,Male,41.25.144.191
377,Hildagarde,Tucsell,htucsellag@jalbum.net,Female,94.23.234.217
378,Gill,Moloney,gmoloneyah@accuweather.com,Female,6.187.47.166
379,Desiri,Minney,dminneyai@unc.edu,Female,235.254.55.54
380,Katlin,Isakovitch,kisakovitchaj@ustream.tv,Female,81.91.46.254
381,Mohandis,Shearwood,mshearwoodak@japanpost.jp,Male,112.215.246.42
382,Jamill,Jedrzaszkiewicz,jjedrzaszkiewiczal@youku.com,Male,150.205.199.34
383,Ricca,Werndley,rwerndleyam@oracle.com,Female,198.10.188.124
384,Cam,Rilings,crilingsan@zimbio.com,Female,148.173.67.229
385,Mart,Cunde,mcundeao@networksolutions.com,Male,123.220.211.22
386,Byrann,Soans,bsoansap@cornell.edu,Male,157.110.101.190
387,Maxy,Spratt,msprattaq@utexas.edu,Male,125.107.15.206
388,Randi,Crips,rcripsar@thetimes.co.uk,Male,161.167.154.7
389,Hildegarde,Gervaise,hgervaiseas@statcounter.com,Female,78.182.188.226
390,Teddie,Baltrushaitis,tbaltrushaitisat@youtube.com,Female,122.162.193.84
391,Catlin,Hartin,chartinau@si.edu,Female,12.204.25.71
392,Melba,Kiessel,mkiesselav@howstuffworks.com,Female,78.177.244.47
393,Krissy,Stiling,kstilingaw@patch.com,Female,168.141.62.240
394,Nedda,Voelker,nvoelkerax@time.com,Female,127.71.147.178
395,Gerta,McGoldrick,gmcgoldrickay@washington.edu,Female,4.180.182.234
396,Hy,Ives,hivesaz@comsenz.com,Male,126.92.235.115
397,Jess,Cawood,jcawoodb0@phoca.cz,Male,56.3.94.17
398,Fidelity,Divina,fdivinab1@squarespace.com,Female,28.129.120.127
399,Wes,Churchin,wchurchinb2@prweb.com,Male,83.26.139.198
400,Almira,Waggitt,awaggittb3@prlog.org,Female,35.46.45.72
401,Selby,Lilleman,slillemanb4@ovh.net,Male,189.18.29.207
402,Carolus,Pouton,cpoutonb5@prweb.com,Male,21.151.14.199
403,Corbie,Ferrige,cferrigeb6@blogs.com,Male,181.16.173.21
404,Boot,Trusler,btruslerb7@cdbaby.com,Male,1.7.160.93
405,Wiley,Ixer,wixerb8@flavors.me,Male,169.239.64.112
406,Karee,Mateuszczyk,kmateuszczykb9@seesaa.net,Female,12.149.162.62
407,Basile,Geist,bgeistba@google.com.br,Male,189.61.6.207
408,Georgie,Andriessen,gandriessenbb@hostgator.com,Male,216.85.100.71
409,Troy,Rosenstiel,trosenstielbc@addtoany.com,Male,167.213.228.100
410,Wandis,Fenimore,wfenimorebd@census.gov,Female,1.121.234.147
411,Irvine,Bohman,ibohmanbe@t-online.de,Male,232.16.240.18
412,Wolfgang,Gerraty,wgerratybf@artisteer.com,Male,120.95.6.181
413,Bailie,Wink,bwinkbg@cornell.edu,Male,7.8.154.253
414,Vinnie,Lofthouse,vlofthousebh@google.cn,Female,62.16.179.82
415,Berri,Duckworth,bduckworthbi@nbcnews.com,Female,32.192.142.42
416,Tony,Malins,tmalinsbj@com.com,Male,8.185.202.163
417,Gage,Seegar,gseegarbk@drupal.org,Male,149.244.126.118
418,Katine,Bownd,kbowndbl@economist.com,Female,97.162.96.183
419,Honey,Mac Geaney,hmacgeaneybm@mashable.com,Female,230.147.172.165
420,Darill,Waddilow,dwaddilowbn@nba.com,Male,173.117.255.92
421,Justino,Emmott,jemmottbo@blogspot.com,Male,12.187.183.236
422,Zebadiah,Emeny,zemenybp@nytimes.com,Male,96.9.175.247
423,Filippo,Chard,fchardbq@indiegogo.com,Male,130.191.102.11
424,Francene,McGrale,fmcgralebr@economist.com,Female,93.73.164.105
425,Emmi,Pheasant,epheasantbs@toplist.cz,Female,87.222.27.17
426,Courtney,Mohring,cmohringbt@myspace.com,Male,115.114.65.177
427,Rosetta,Speaks,rspeaksbu@topsy.com,Female,194.102.15.247
428,Kirstyn,Ecles,keclesbv@mashable.com,Female,57.150.218.49
429,Larisa,MacRirie,lmacririebw@cnet.com,Female,199.92.201.132
430,Clerissa,De Vile,cdevilebx@vk.com,Female,172.27.152.158
431,Guinna,Dalliston,gdallistonby@forbes.com,Female,142.50.72.213
432,Derrik,Van der Kruijs,dvanderkruijsbz@alexa.com,Male,179.90.102.3
433,Daffie,Lattie,dlattiec0@biglobe.ne.jp,Female,200.81.117.81
434,Candida,Lakenden,clakendenc1@acquirethisname.com,Female,52.24.51.91
435,Marlon,Bohlsen,mbohlsenc2@dyndns.org,Male,96.173.193.104
436,Dore,Kiessel,dkiesselc3@wsj.com,Male,46.146.190.210
437,Rosita,Clevely,rclevelyc4@canalblog.com,Female,155.129.27.214
438,Montgomery,Wiszniewski,mwiszniewskic5@oaic.gov.au,Male,148.81.236.223
439,Ad,Havile,ahavilec6@unblog.fr,Male,85.60.95.98
440,Neilla,Dawidowitsch,ndawidowitschc7@i2i.jp,Female,197.100.241.109
441,Hilary,Hagerty,hhagertyc8@whitehouse.gov,Male,118.242.26.30
442,Lenna,Ivamy,livamyc9@tmall.com,Female,247.253.31.58
443,Elvera,Inker,einkerca@cdbaby.com,Female,59.149.227.189
444,Cordey,Statham,cstathamcb@yelp.com,Female,163.85.233.201
445,Brant,Freckleton,bfreckletoncc@zdnet.com,Male,198.167.214.52
446,Maisey,Stairmond,mstairmondcd@sciencedaily.com,Female,240.31.15.248
447,Shawnee,Leighton,sleightonce@g.co,Female,245.17.244.77
448,James,Fawbert,jfawbertcf@csmonitor.com,Male,139.163.163.162
449,Jordanna,Beckmann,jbeckmanncg@moonfruit.com,Female,77.30.196.155
450,Sallyann,Kleanthous,skleanthousch@unicef.org,Female,254.116.8.200
451,Obidiah,McCord,omccordci@opensource.org,Male,189.202.136.65
452,Carmencita,Key,ckeycj@mit.edu,Female,11.18.57.19
453,Maddy,Goulder,mgoulderck@smugmug.com,Female,75.192.193.144
454,Cullan,Derkes,cderkescl@prweb.com,Male,99.213.1.38
455,Giulia,Gridon,ggridoncm@cdbaby.com,Female,214.91.8.18
456,Brandy,Langthorne,blangthornecn@yandex.ru,Male,2.107.191.91
457,Nessi,Shanley,nshanleyco@auda.org.au,Female,18.33.136.247
458,Cornell,Maven,cmavencp@cafepress.com,Male,182.108.248.124
459,Shari,Wildsmith,swildsmithcq@nps.gov,Female,108.235.231.97
460,Gale,O'Hara,goharacr@parallels.com,Female,134.160.115.134
461,Nicoline,Legges,nleggescs@cbslocal.com,Female,134.224.131.202
462,Georgina,Leathlay,gleathlayct@washingtonpost.com,Female,38.241.84.233
463,Ronny,Creaney,rcreaneycu@moonfruit.com,Male,144.6.88.17
464,Valentin,Colthard,vcolthardcv@about.me,Male,85.173.188.67
465,Georgette,Sobtka,gsobtkacw@youku.com,Female,165.87.201.179
466,Gregoor,Addekin,gaddekincx@chicagotribune.com,Male,155.116.246.22
467,Sullivan,Benardette,sbenardettecy@redcross.org,Male,112.186.139.123
468,Federica,Kirton,fkirtoncz@parallels.com,Female,89.221.161.79
469,Roscoe,Ridge,rridged0@upenn.edu,Male,171.110.135.99
470,Rex,Nise,rnised1@biblegateway.com,Male,86.94.52.120
471,Cecile,Catteroll,ccatterolld2@paginegialle.it,Female,241.201.205.186
472,Rickard,Skevington,rskevingtond3@angelfire.com,Male,159.153.228.0
473,Skipp,Firmage,sfirmaged4@com.com,Male,58.248.41.213
474,Iorgos,Punshon,ipunshond5@barnesandnoble.com,Male,124.129.121.133
475,Theodora,Davidwitz,tdavidwitzd6@skype.com,Female,135.22.239.247
476,Dotti,Gould,dgouldd7@networksolutions.com,Female,202.230.233.107
477,Washington,Dunmuir,wdunmuird8@chron.com,Male,2.235.58.153
478,Lotte,Hatchette,lhatchetted9@macromedia.com,Female,96.190.67.237
479,Rafaello,Heberden,rheberdenda@g.co,Male,129.40.186.193
480,Jay,Render,jrenderdb@nifty.com,Male,15.119.235.193
481,Lorelei,Jovicevic,ljovicevicdc@com.com,Female,34.88.60.170
482,Calhoun,Wilcott,cwilcottdd@netscape.com,Male,131.147.26.39
483,Xymenes,Vasilic,xvasilicde@canalblog.com,Male,225.200.73.53
484,Donia,Carrett,dcarrettdf@nih.gov,Female,166.210.121.212
485,Kendal,Mapam,kmapamdg@vkontakte.ru,Male,121.159.137.193
486,Shana,Hackforth,shackforthdh@over-blog.com,Female,110.85.116.196
487,Ana,Tite,atitedi@nytimes.com,Female,15.38.172.99
488,Roxy,Hardisty,rhardistydj@japanpost.jp,Female,156.21.57.169
489,Oralie,Tonner,otonnerdk@usda.gov,Female,169.201.179.234
490,Lea,Baggelley,lbaggelleydl@studiopress.com,Female,138.145.106.104
491,Brigitte,Schubart,bschubartdm@twitter.com,Female,170.44.206.235
492,Herby,Laugherane,hlaugheranedn@indiegogo.com,Male,76.157.216.79
493,Dionysus,Hainge,dhaingedo@barnesandnoble.com,Male,127.49.217.210
494,Sabra,Halliberton,shallibertondp@dailymotion.com,Female,139.177.61.79
495,Lyn,Woolford,lwoolforddq@redcross.org,Male,72.86.97.111
496,Teresita,Francescozzi,tfrancescozzidr@flavors.me,Female,198.84.232.153
497,Darb,Le Floch,dleflochds@sourceforge.net,Female,140.196.106.146
498,Christin,Wooff,cwooffdt@cloudflare.com,Female,215.198.29.150
499,Beatrice,Shearn,bshearndu@abc.net.au,Female,209.72.10.14
500,Hernando,Bleier,hbleierdv@xinhuanet.com,Male,229.30.206.231
501,Geoffrey,Slaymaker,gslaymakerdw@cnbc.com,Male,172.236.119.43
502,Trina,Hughs,thughsdx@boston.com,Female,185.221.42.216
503,Betteanne,Levinge,blevingedy@msn.com,Female,66.159.14.150
504,Fionnula,Morilla,fmorilladz@hexun.com,Female,186.248.24.61
505,Heywood,Huster,hhustere0@soundcloud.com,Male,117.227.83.135
506,Bambi,Gouda,bgoudae1@furl.net,Female,43.125.130.142
507,Brnaby,Gencke,bgenckee2@mtv.com,Male,191.75.121.169
508,Terrijo,Peebles,tpeeblese3@google.com.br,Female,200.14.73.13
509,Filbert,Stables,fstablese4@ca.gov,Male,241.55.3.33
510,Lyssa,Musla,lmuslae5@twitter.com,Female,66.188.83.178
511,Omar,Addlestone,oaddlestonee6@npr.org,Male,36.84.225.249
512,Nari,Botley,nbotleye7@nps.gov,Female,132.122.95.27
513,Ray,Franceschi,rfranceschie8@mysql.com,Male,251.223.7.79
514,Margette,Jambrozek,mjambrozeke9@ca.gov,Female,114.22.216.73
515,Rorke,Gather,rgatherea@nasa.gov,Male,111.70.119.127
516,Constanta,Anstead,cansteadeb@nba.com,Female,25.215.141.132
517,Gian,Collington,gcollingtonec@chron.com,Male,154.142.31.30
518,Kary,Peal,kpealed@weebly.com,Female,255.18.112.19
519,Mallory,Vella,mvellaee@bloglovin.com,Male,37.141.5.70
520,Alameda,Danks,adanksef@infoseek.co.jp,Female,226.22.34.102
521,Tamma,Caisley,tcaisleyeg@wordpress.com,Female,122.248.111.3
522,Zorana,Lorroway,zlorrowayeh@gizmodo.com,Female,210.172.251.52
523,Harmonie,Brazel,hbrazelei@hexun.com,Female,120.191.86.204
524,Nicolis,Pidcock,npidcockej@cpanel.net,Male,168.22.197.171
525,Raeann,Studdard,rstuddardek@xinhuanet.com,Female,2.153.83.50
526,Maisey,Swan,mswanel@slashdot.org,Female,236.66.222.71
527,Patty,de la Valette Parisot,pdelavaletteparisotem@etsy.com,Female,55.151.211.59
528,Lothario,Mully,lmullyen@miitbeian.gov.cn,Male,125.236.168.42
529,Neille,Tolefree,ntolefreeeo@sogou.com,Female,9.85.99.237
530,Merwyn,Janczak,mjanczakep@yelp.com,Male,242.183.10.19
531,Elysha,Gumme,egummeeq@tumblr.com,Female,33.111.151.39
532,Bradly,Gilyatt,bgilyatter@spiegel.de,Male,132.3.43.247
533,Justino,MacDearmont,jmacdearmontes@g.co,Male,237.125.204.45
534,Gerome,McElane,gmcelaneet@buzzfeed.com,Male,172.246.69.101
535,Angelo,Pacher,apachereu@youtu.be,Male,41.59.115.245
536,Kaiser,Pauling,kpaulingev@wikipedia.org,Male,118.52.122.238
537,Wrennie,Coaker,wcoakerew@lulu.com,Female,210.110.43.74
538,Melanie,Phillipps,mphillippsex@disqus.com,Female,208.41.218.167
539,Codi,Cordner,ccordnerey@vistaprint.com,Male,133.138.119.48
540,Auroora,Darnborough,adarnboroughez@yandex.ru,Female,194.96.111.34
541,Ricoriki,Bereford,rberefordf0@google.cn,Male,172.173.80.134
542,Chev,Acton,cactonf1@boston.com,Male,114.82.105.30
543,Winona,Bakewell,wbakewellf2@topsy.com,Female,68.55.36.37
544,Langston,Labet,llabetf3@exblog.jp,Male,218.169.242.137
545,Lois,Chidzoy,lchidzoyf4@hhs.gov,Female,69.11.95.209
546,Christi,Scrivener,cscrivenerf5@ca.gov,Female,231.91.168.160
547,Anton,Bassham,abasshamf6@furl.net,Male,115.155.107.190
548,Jilly,Limb,jlimbf7@tinyurl.com,Female,18.231.33.87
549,Harbert,Cliff,hclifff8@earthlink.net,Male,212.119.183.146
550,Mair,McGarrell,mmcgarrellf9@phpbb.com,Female,23.217.196.252
551,Esmeralda,Ladloe,eladloefa@nbcnews.com,Female,176.82.152.84
552,Cassie,Keitch,ckeitchfb@msu.edu,Male,68.221.122.245
553,Pauline,Brucker,pbruckerfc@usnews.com,Female,239.195.250.201
554,Sharona,Scolding,sscoldingfd@sourceforge.net,Female,246.241.42.68
555,Cass,McCaghan,cmccaghanfe@cbslocal.com,Female,105.126.162.112
556,Nevil,Revitt,nrevittff@usda.gov,Male,184.38.16.174
557,Sabra,Murrthum,smurrthumfg@answers.com,Female,143.216.7.255
558,Bale,Batsford,bbatsfordfh@tinyurl.com,Male,46.144.212.49
559,Forbes,Drewes,fdrewesfi@elegantthemes.com,Male,162.135.91.130
560,Fraser,Gilbeart,fgilbeartfj@imgur.com,Male,140.55.141.102
561,Merline,Robardet,mrobardetfk@wiley.com,Female,133.76.87.37
562,Bathsheba,Siehard,bsiehardfl@bbb.org,Female,29.217.185.189
563,Claiborne,Matschek,cmatschekfm@gmpg.org,Male,20.23.192.32
564,Terza,Bottlestone,tbottlestonefn@ucoz.com,Female,162.38.244.189
565,Stefan,Uccello,succellofo@loc.gov,Male,80.233.84.150
566,Vin,Dyzart,vdyzartfp@canalblog.com,Male,50.49.63.244
567,Kellby,Justun,kjustunfq@geocities.jp,Male,213.67.83.139
568,Velvet,Bricksey,vbrickseyfr@state.tx.us,Female,118.83.109.135
569,Elbertina,Wood,ewoodfs@furl.net,Female,15.180.114.154
570,Tome,Delamar,tdelamarft@pagesperso-orange.fr,Male,246.95.5.138
571,Nichols,Osorio,nosoriofu@guardian.co.uk,Male,173.165.212.205
572,Jaimie,Flobert,jflobertfv@imgur.com,Male,105.182.33.188
573,Ruttger,Balden,rbaldenfw@domainmarket.com,Male,86.99.200.29
574,Desi,Derks,dderksfx@china.com.cn,Male,72.164.79.18
575,Steve,Oakley,soakleyfy@google.co.uk,Male,60.35.14.95
576,Minor,Dowsing,mdowsingfz@tripod.com,Male,194.144.188.255
577,Augustine,Seleway,aselewayg0@wiley.com,Female,201.182.13.242
578,Aretha,Arends,aarendsg1@marketwatch.com,Female,72.196.156.41
579,Arty,Callister,acallisterg2@vinaora.com,Male,162.238.49.48
580,Chrissy,Kentwell,ckentwellg3@geocities.com,Male,24.69.12.22
581,Jennee,Wanderschek,jwanderschekg4@businessweek.com,Female,200.221.156.150
582,Erik,Breming,ebremingg5@lycos.com,Male,151.135.95.2
583,Josias,Trounce,jtrounceg6@unesco.org,Male,9.98.43.137
584,Lyndsay,Saward,lsawardg7@wix.com,Female,147.163.94.133
585,Cherice,Greson,cgresong8@seesaa.net,Female,4.7.133.154
586,Padgett,De Blase,pdeblaseg9@goodreads.com,Male,37.129.176.138
587,Blanche,Rattrie,brattriega@twitter.com,Female,109.72.118.25
588,Jonell,Varty,jvartygb@cpanel.net,Female,78.4.35.161
589,Ilyssa,Utteridge,iutteridgegc@angelfire.com,Female,28.56.38.68
590,Orland,Klimentyonok,oklimentyonokgd@addtoany.com,Male,63.186.210.146
591,Donia,Baxter,dbaxterge@google.fr,Female,56.30.30.74
592,Averil,Millership,amillershipgf@netscape.com,Male,131.89.81.224
593,Tiffi,Ogbourne,togbournegg@live.com,Female,0.11.196.234
594,Clarine,Triner,ctrinergh@photobucket.com,Female,125.102.120.246
595,Daniela,Dasent,ddasentgi@dyndns.org,Female,50.71.18.232
596,Olympe,Tillerton,otillertongj@a8.net,Female,169.113.48.64
597,Ad,Baglan,abaglangk@soup.io,Male,4.141.238.114
598,Lesli,Peetermann,lpeetermanngl@upenn.edu,Female,36.109.254.97
599,Saunderson,Highman,shighmangm@diigo.com,Male,232.247.164.1
600,Felecia,Henken,fhenkengn@goodreads.com,Female,52.125.39.62
601,Fredric,Sustins,fsustinsgo@amazonaws.com,Male,179.160.13.181
602,Walther,Carleton,wcarletongp@github.io,Male,8.207.185.91
603,Paulina,Wackly,pwacklygq@discovery.com,Female,97.39.200.218
604,Bobbi,Crickmer,bcrickmergr@java.com,Female,37.183.89.159
605,Hal,Milnes,hmilnesgs@woothemes.com,Male,168.188.90.90
606,Tucker,Govini,tgovinigt@narod.ru,Male,87.112.33.203
607,Zelig,Leathlay,zleathlaygu@smh.com.au,Male,252.16.242.91
608,Petey,Hungerford,phungerfordgv@nih.gov,Male,85.161.133.158
609,Antonio,Storrier,astorriergw@diigo.com,Male,165.251.36.105
610,Cornelle,Rigden,crigdengx@biglobe.ne.jp,Female,116.231.193.108
611,Madelina,Leeburne,mleeburnegy@free.fr,Female,0.117.37.64
612,L;urette,Stenyng,lstenynggz@bing.com,Female,59.13.75.77
613,Melvin,Potebury,mpoteburyh0@hugedomains.com,Male,152.91.74.209
614,Alexine,Roycroft,aroycrofth1@pbs.org,Female,216.240.148.23
615,Corette,Hariot,charioth2@squarespace.com,Female,142.246.5.143
616,Samantha,McDowall,smcdowallh3@google.co.uk,Female,62.123.190.54
617,Laird,Dimitriou,ldimitriouh4@dmoz.org,Male,115.249.29.156
618,Bondy,Botger,bbotgerh5@php.net,Male,181.167.6.13
619,Ammamaria,Rengger,arenggerh6@booking.com,Female,205.36.145.111
620,Giselbert,Raddenbury,graddenburyh7@eventbrite.com,Male,62.113.35.101
621,Dav,Rouchy,drouchyh8@paginegialle.it,Male,0.177.95.33
622,Charmaine,Denisovo,cdenisovoh9@shinystat.com,Female,69.168.106.137
623,Reggy,Hendrickx,rhendrickxha@nationalgeographic.com,Male,138.69.99.38
624,Justina,Sadat,jsadathb@chron.com,Female,3.243.59.11
625,Hermy,O'Concannon,hoconcannonhc@shutterfly.com,Male,202.183.197.72
626,Twila,Dacke,tdackehd@buzzfeed.com,Female,175.119.0.232
627,Calhoun,Scola,cscolahe@lycos.com,Male,222.200.52.170
628,Darrell,Jelkes,djelkeshf@buzzfeed.com,Male,83.133.139.53
629,Aluin,Labes,alabeshg@umn.edu,Male,213.114.170.242
630,Heywood,Cruces,hcruceshh@va.gov,Male,182.144.46.29
631,Sylvia,Winterbottom,swinterbottomhi@zimbio.com,Female,206.84.174.83
632,Eduardo,Carabine,ecarabinehj@usnews.com,Male,112.114.13.179
633,Salaidh,Oliffe,soliffehk@deviantart.com,Female,38.213.124.36
634,Tania,Winch,twinchhl@lulu.com,Female,16.254.12.170
635,Madlin,Goldring,mgoldringhm@tinypic.com,Female,88.76.156.14
636,Merv,Polye,mpolyehn@sciencedirect.com,Male,30.142.64.49
637,Sidonnie,Lillee,slilleeho@pagesperso-orange.fr,Female,197.219.107.58
638,Isabelita,Zarb,izarbhp@ask.com,Female,24.144.87.80
639,Lizzie,Leeb,lleebhq@soup.io,Female,120.240.180.21
640,Roshelle,Saich,rsaichhr@oakley.com,Female,235.168.196.156
641,Celia,Sutter,csutterhs@xinhuanet.com,Female,169.68.99.230
642,Skyler,McCrea,smccreaht@jiathis.com,Male,9.222.178.24
643,Thorndike,MacPhee,tmacpheehu@vk.com,Male,134.243.221.90
644,Celesta,Thomlinson,cthomlinsonhv@mayoclinic.com,Female,113.165.224.124
645,Nancy,Heather,nheatherhw@marketwatch.com,Female,115.136.21.88
646,Genia,Boocock,gboocockhx@chronoengine.com,Female,142.27.241.105
647,Kristine,Baltzar,kbaltzarhy@icq.com,Female,17.201.246.240
648,Hersch,Burgwin,hburgwinhz@ucla.edu,Male,240.69.156.69
649,Cassondra,Rraundl,crraundli0@youku.com,Female,118.146.157.105
650,Harrietta,Northidge,hnorthidgei1@geocities.jp,Female,35.65.84.69
651,Greg,Ubanks,gubanksi2@about.com,Male,193.96.40.123
652,Garrott,D'Abbot-Doyle,gdabbotdoylei3@quantcast.com,Male,141.8.112.166
653,Bird,Lennox,blennoxi4@merriam-webster.com,Female,62.157.175.83
654,Granthem,Pettifor,gpettifori5@livejournal.com,Male,71.169.216.107
655,Arturo,Phython,aphythoni6@ucoz.com,Male,177.39.126.252
656,Celestia,Barthram,cbarthrami7@live.com,Female,87.26.69.52
657,Agustin,Essberger,aessbergeri8@chronoengine.com,Male,167.219.239.66
658,Carly,Cordner,ccordneri9@cdbaby.com,Male,112.85.247.107
659,Ermin,Linning,elinningia@fema.gov,Male,33.246.138.219
660,Shaughn,Geane,sgeaneib@google.ru,Male,141.39.151.137
661,Maribeth,Wesker,mweskeric@cam.ac.uk,Female,232.76.136.187
662,Brendis,Albin,balbinid@pbs.org,Male,101.13.183.238
663,Mercie,Schwanden,mschwandenie@zdnet.com,Female,159.200.112.205
664,Mart,Woolpert,mwoolpertif@xing.com,Male,72.28.192.76
665,Phyllida,O'Crowley,pocrowleyig@delicious.com,Female,250.192.81.67
666,Joeann,Aveline,javelineih@msn.com,Female,206.85.99.217
667,Marillin,Casley,mcasleyii@newsvine.com,Female,35.112.211.136
668,Perrine,Fetter,pfetterij@plala.or.jp,Female,228.175.249.233
669,Lexi,Casford,lcasfordik@facebook.com,Female,85.159.245.99
670,Siward,Burgwin,sburgwinil@harvard.edu,Male,125.1.90.168
671,Eddie,Woolward,ewoolwardim@cocolog-nifty.com,Female,109.84.235.62
672,Rafaelita,Hilling,rhillingin@sphinn.com,Female,1.209.155.51
673,Valera,Tidy,vtidyio@canalblog.com,Female,218.184.223.1
674,Martica,Hartington,mhartingtonip@diigo.com,Female,79.215.8.131
675,Riordan,Peppin,rpeppiniq@linkedin.com,Male,223.81.47.127
676,Trevar,Morhall,tmorhallir@flickr.com,Male,41.223.231.97
677,Cobby,Dener,cdeneris@rambler.ru,Male,97.199.111.141
678,Candy,Arnault,carnaultit@foxnews.com,Female,63.226.175.16
679,Mead,Danilovich,mdanilovichiu@surveymonkey.com,Female,193.222.51.48
680,Dell,Brandrick,dbrandrickiv@cmu.edu,Female,178.6.241.152
681,Graham,Reddyhoff,greddyhoffiw@friendfeed.com,Male,65.131.212.164
682,Zilvia,Colvin,zcolvinix@un.org,Female,50.238.240.20
683,Giselbert,Bellson,gbellsoniy@gizmodo.com,Male,222.123.162.88
684,Nalani,Lehrer,nlehreriz@51.la,Female,175.159.25.130
685,Lemmy,Morsey,lmorseyj0@vinaora.com,Male,177.108.253.54
686,Rowen,Slinn,rslinnj1@rambler.ru,Male,104.201.13.219
687,Jakie,Stronach,jstronachj2@soundcloud.com,Male,4.254.23.157
688,Bel,Bendelow,bbendelowj3@ning.com,Female,211.230.27.235
689,Rycca,Dimmick,rdimmickj4@aol.com,Female,129.214.227.180
690,Reggie,Trappe,rtrappej5@friendfeed.com,Female,110.105.30.151
691,Sheelah,Belford,sbelfordj6@nasa.gov,Female,231.142.80.74
692,Jolene,Acheson,jachesonj7@altervista.org,Female,69.155.111.154
693,Fina,Pletts,fplettsj8@umn.edu,Female,87.65.233.191
694,Cherry,Beade,cbeadej9@bigcartel.com,Female,176.216.97.140
695,Dermot,Vanyatin,dvanyatinja@arizona.edu,Male,216.22.213.237
696,Darelle,Edmeads,dedmeadsjb@princeton.edu,Female,106.8.25.108
697,Finley,Cookson,fcooksonjc@dot.gov,Male,132.226.149.47
698,Phillie,Sloey,psloeyjd@istockphoto.com,Female,250.94.137.59
699,Hildagard,Carlick,hcarlickje@netvibes.com,Female,89.228.32.154
700,Lilyan,Edgar,ledgarjf@ucsd.edu,Female,200.54.234.209
701,Cointon,Vinker,cvinkerjg@51.la,Male,222.234.61.29
702,Julian,Prettyjohn,jprettyjohnjh@washingtonpost.com,Male,195.220.111.74
703,Hagen,Jarvie,hjarvieji@kickstarter.com,Male,245.213.70.130
704,Dalila,Coburn,dcoburnjj@icio.us,Female,159.114.213.197
705,Vicky,Grichukhin,vgrichukhinjk@fastcompany.com,Female,188.247.217.249
706,Ban,McCarter,bmccarterjl@plala.or.jp,Male,117.224.130.2
707,Julie,Gut,jgutjm@edublogs.org,Male,138.4.19.146
708,Carolin,Twidale,ctwidalejn@studiopress.com,Female,56.214.122.189
709,Valdemar,Twiddle,vtwiddlejo@furl.net,Male,112.86.156.16
710,Lyndsey,Horick,lhorickjp@pinterest.com,Female,55.6.195.47
711,Karee,Pindred,kpindredjq@is.gd,Female,30.109.139.236
712,Boony,Yablsley,byablsleyjr@smh.com.au,Male,82.77.184.110
713,Calley,Clausius,cclausiusjs@exblog.jp,Female,7.91.31.132
714,Gottfried,Murkitt,gmurkittjt@reuters.com,Male,37.250.56.167
715,Yulma,Catley,ycatleyju@skyrock.com,Male,87.16.133.147
716,Anallise,Peterken,apeterkenjv@mtv.com,Female,194.211.107.66
717,Sabra,Caulliere,scaullierejw@msu.edu,Female,124.92.121.124
718,Daven,Cheater,dcheaterjx@pbs.org,Male,7.178.119.131
719,Riley,Lavalle,rlavallejy@yelp.com,Male,143.173.107.242
720,Sue,Shervil,ssherviljz@shareasale.com,Female,86.96.109.42
721,Bord,Pilkinton,bpilkintonk0@accuweather.com,Male,36.88.100.152
722,Joanie,Chislett,jchislettk1@census.gov,Female,12.70.219.29
723,Ole,Keaveny,okeavenyk2@free.fr,Male,239.215.85.6
724,Linnie,Twamley,ltwamleyk3@yahoo.com,Female,214.6.17.140
725,Pietrek,Le Lievre,plelievrek4@ox.ac.uk,Male,234.248.243.183
726,Honor,Mowatt,hmowattk5@home.pl,Female,88.216.229.239
727,Kaylee,Krol,kkrolk6@lycos.com,Female,26.64.82.229
728,Kendall,Studde,kstuddek7@google.de,Male,78.7.115.53
729,Matthias,Cominetti,mcominettik8@hp.com,Male,114.90.55.135
730,Salli,Brand,sbrandk9@hugedomains.com,Female,134.187.209.126
731,Taite,Wibrow,twibrowka@squarespace.com,Male,232.47.67.190
732,Phylys,Mussared,pmussaredkb@time.com,Female,200.74.82.219
733,Rafaello,Theml,rthemlkc@springer.com,Male,11.90.161.251
734,Fernande,Barniss,fbarnisskd@naver.com,Female,74.122.153.165
735,Amber,Witcherley,awitcherleyke@themeforest.net,Female,231.112.47.144
736,Rani,Arnoult,rarnoultkf@google.cn,Female,224.178.166.243
737,Ingaberg,Swafield,iswafieldkg@qq.com,Female,99.236.249.209
738,Guinevere,Tawton,gtawtonkh@dropbox.com,Female,201.94.167.35
739,Malissa,Blay,mblayki@dyndns.org,Female,237.229.170.96
740,Rosabella,Collett,rcollettkj@theguardian.com,Female,58.167.107.77
741,Klarrisa,Carine,kcarinekk@reuters.com,Female,109.77.87.167
742,Atalanta,Bysh,abyshkl@istockphoto.com,Female,151.170.129.94
743,Justis,Paule,jpaulekm@kickstarter.com,Male,8.196.233.156
744,Jyoti,Darwin,jdarwinkn@w3.org,Female,71.111.133.147
745,Zackariah,Rayson,zraysonko@istockphoto.com,Male,171.20.121.220
746,Faustina,Fasson,ffassonkp@google.it,Female,69.78.180.82
747,Leonelle,Elecum,lelecumkq@dmoz.org,Female,142.78.74.225
748,Sal,Camerello,scamerellokr@goodreads.com,Female,119.72.197.58
749,Stuart,Gillis,sgillisks@amazon.co.jp,Male,228.104.17.22
750,Jessy,Rawcliffe,jrawcliffekt@ucla.edu,Female,7.214.186.71
751,Caresa,Penni,cpenniku@over-blog.com,Female,92.35.241.161
752,Wendeline,Creelman,wcreelmankv@newsvine.com,Female,241.58.216.55
753,Tuck,Driscoll,tdriscollkw@hp.com,Male,220.63.75.32
754,Odelinda,McAdam,omcadamkx@tripadvisor.com,Female,213.195.105.198
755,Bethena,MacFarlane,bmacfarlaneky@people.com.cn,Female,166.0.57.188
756,Meta,Bleeze,mbleezekz@chronoengine.com,Female,140.247.102.79
757,Chance,Maciak,cmaciakl0@cloudflare.com,Male,85.24.35.53
758,Lucius,Seman,lsemanl1@bbc.co.uk,Male,162.64.129.74
759,Reggie,Mardoll,rmardolll2@over-blog.com,Male,125.166.44.144
760,Trude,Biggar,tbiggarl3@cargocollective.com,Female,45.164.158.117
761,Kerrill,Thorpe,kthorpel4@yellowbook.com,Female,250.243.158.108
762,Morty,Vogele,mvogelel5@alibaba.com,Male,10.238.202.62
763,Amie,Witchalls,awitchallsl6@sakura.ne.jp,Female,172.184.217.31
764,Stacee,Timpany,stimpanyl7@amazon.de,Female,124.68.143.85
765,Daryl,Tales,dtalesl8@google.com,Male,80.69.116.17
766,Happy,Hull,hhulll9@skyrock.com,Female,149.132.178.150
767,Emanuel,Waldocke,ewaldockela@geocities.jp,Male,239.47.202.12
768,Richy,Adamczewski,radamczewskilb@artisteer.com,Male,0.11.16.108
769,Erda,Albery,ealberylc@reuters.com,Female,122.128.162.126
770,Perry,Hrinchenko,phrinchenkold@smugmug.com,Female,181.141.106.144
771,Cirilo,Chaperling,cchaperlingle@oaic.gov.au,Male,105.47.213.178
772,Vyky,Trosdall,vtrosdalllf@psu.edu,Female,158.255.79.155
773,Marci,Arens,marenslg@archive.org,Female,95.180.46.49
774,Sinclare,Baughn,sbaughnlh@acquirethisname.com,Male,67.121.110.117
775,Ardeen,Degoe,adegoeli@google.ca,Female,196.3.218.68
776,Angel,Hawyes,ahawyeslj@wunderground.com,Female,106.76.143.205
777,Marie-jeanne,McKendo,mmckendolk@dot.gov,Female,95.107.206.90
778,Elenore,Tye,etyell@theglobeandmail.com,Female,148.74.121.68
779,Truman,Aplin,taplinlm@shop-pro.jp,Male,143.74.120.94
780,Madelena,Spaule,mspauleln@zdnet.com,Female,10.25.69.78
781,Alessandro,Barkess,abarkesslo@soundcloud.com,Male,18.135.83.134
782,Dasi,Whitington,dwhitingtonlp@merriam-webster.com,Female,166.254.229.150
783,Martita,Raulin,mraulinlq@godaddy.com,Female,166.103.57.61
784,Penni,Nussen,pnussenlr@ning.com,Female,140.184.46.201
785,Ogdan,Caress,ocaressls@cafepress.com,Male,18.138.157.31
786,Zechariah,Westall,zwestalllt@phpbb.com,Male,19.25.85.233
787,Maurise,McKiddin,mmckiddinlu@photobucket.com,Male,4.104.59.179
788,Quinn,Weiner,qweinerlv@g.co,Female,66.226.49.239
789,Cleavland,Lamzed,clamzedlw@chronoengine.com,Male,220.198.36.156
790,Isiahi,Magister,imagisterlx@flavors.me,Male,151.36.28.14
791,Evangeline,Cluely,ecluelyly@zimbio.com,Female,19.15.120.188
792,Mareah,Ealles,mealleslz@myspace.com,Female,41.177.17.216
793,Karyl,MacMaster,kmacmasterm0@360.cn,Female,115.105.192.136
794,Ansel,Readhead,areadheadm1@yellowpages.com,Male,185.128.156.158
795,William,Kiessel,wkiesselm2@senate.gov,Male,13.88.142.216
796,Davide,Rudkin,drudkinm3@buzzfeed.com,Male,203.2.76.20
797,Estevan,Sneesby,esneesbym4@bbb.org,Male,33.53.48.221
798,Madelon,Boner,mbonerm5@miitbeian.gov.cn,Female,225.233.166.250
799,Desdemona,O' Loughran,doloughranm6@addtoany.com,Female,239.200.32.245
800,Sharline,Been,sbeenm7@fc2.com,Female,90.33.233.120
801,Fae,Atwood,fatwoodm8@dagondesign.com,Female,212.242.249.112
802,Vaughan,Joss,vjossm9@addthis.com,Male,209.99.27.100
803,Blanche,Feakins,bfeakinsma@dailymotion.com,Female,85.35.91.150
804,Erick,Heggs,eheggsmb@reuters.com,Male,119.191.244.9
805,Celina,D'Abbot-Doyle,cdabbotdoylemc@networkadvertising.org,Female,165.79.15.98
806,Reuben,Braferton,rbrafertonmd@blogtalkradio.com,Male,106.36.18.103
807,Rahel,Frondt,rfrondtme@marriott.com,Female,21.115.122.114
808,Tris,Ansteys,tansteysmf@ycombinator.com,Male,77.9.242.230
809,Dorelle,Obray,dobraymg@time.com,Female,210.38.10.53
810,Clemence,Howie,chowiemh@51.la,Female,232.152.103.114
811,Stormie,Mordaunt,smordauntmi@bloglines.com,Female,118.61.73.67
812,Suzanna,Thompson,sthompsonmj@plala.or.jp,Female,59.96.226.7
813,Leelah,Dimbylow,ldimbylowmk@cbslocal.com,Female,254.171.80.71
814,Sallyann,Haton,shatonml@google.it,Female,145.251.182.80
815,Terrie,Riseborough,triseboroughmm@alibaba.com,Female,16.14.12.16
816,Cammy,Hargrove,chargrovemn@businesswire.com,Male,67.105.45.194
817,Tanney,Struan,tstruanmo@icio.us,Male,23.138.252.37
818,Cynthy,Scoone,cscoonemp@netlog.com,Female,230.180.89.195
819,Rosemarie,Songest,rsongestmq@china.com.cn,Female,60.188.162.58
820,Ethelin,Lindermann,elindermannmr@etsy.com,Female,117.247.144.209
821,Gates,Demko,gdemkoms@nsw.gov.au,Female,20.243.232.126
822,Binni,Widdup,bwiddupmt@mediafire.com,Female,122.150.23.30
823,Alfonso,Merritt,amerrittmu@telegraph.co.uk,Male,123.218.137.9
824,Hermine,Gillingwater,hgillingwatermv@mediafire.com,Female,177.176.96.71
825,Brendin,Senogles,bsenoglesmw@studiopress.com,Male,100.113.38.135
826,Christiano,Wigmore,cwigmoremx@mashable.com,Male,237.202.27.202
827,Paulina,Lytton,plyttonmy@discovery.com,Female,111.162.51.119
828,Cornela,Wooland,cwoolandmz@about.me,Female,67.14.209.95
829,Charlot,Boeter,cboetern0@shareasale.com,Female,66.174.227.237
830,Emory,Janodet,ejanodetn1@bing.com,Male,93.125.137.33
831,Cleavland,Fishpoole,cfishpoolen2@nps.gov,Male,112.115.167.91
832,Saba,Simoni,ssimonin3@mysql.com,Female,213.213.49.95
833,Chrystal,Service,cservicen4@boston.com,Female,132.49.111.75
834,Verney,Westwick,vwestwickn5@skyrock.com,Male,83.147.91.69
835,Ally,McCarter,amccartern6@google.ru,Female,245.229.41.99
836,Trevor,Attewell,tattewelln7@ucoz.com,Male,204.219.217.81
837,Tomkin,Chorlton,tchorltonn8@goo.gl,Male,220.60.1.217
838,Tynan,Pretor,tpretorn9@list-manage.com,Male,205.113.78.231
839,Fraser,Layman,flaymanna@smh.com.au,Male,54.183.36.26
840,Etienne,Wiltshire,ewiltshirenb@hp.com,Male,87.109.26.205
841,Waly,Ofen,wofennc@marketwatch.com,Female,123.181.186.84
842,Mab,Woolward,mwoolwardnd@admin.ch,Female,92.70.104.35
843,Lorine,Enterlein,lenterleinne@apache.org,Female,249.193.215.99
844,Julianne,Gee,jgeenf@addthis.com,Female,85.80.3.149
845,De,Kimmings,dkimmingsng@about.com,Female,186.167.61.237
846,Buiron,Gruszczak,bgruszczaknh@wix.com,Male,219.132.67.174
847,Kimberlee,Dumbrill,kdumbrillni@aboutads.info,Female,80.232.62.20
848,Bryon,Cyseley,bcyseleynj@sogou.com,Male,1.88.121.161
849,Ronny,Stockley,rstockleynk@baidu.com,Male,4.158.214.135
850,Tracee,Cuzen,tcuzennl@newsvine.com,Female,138.164.239.59
851,Maribelle,Antognoni,mantognoninm@sun.com,Female,231.173.178.37
852,Torey,Penzer,tpenzernn@usnews.com,Female,93.148.94.189
853,Hughie,Timbrell,htimbrellno@cpanel.net,Male,32.224.62.189
854,Pierce,Conlon,pconlonnp@cisco.com,Male,96.135.228.62
855,Bess,Crowther,bcrowthernq@so-net.ne.jp,Female,153.250.92.70
856,Mersey,Lambe,mlambenr@google.nl,Female,118.109.163.28
857,Heddie,Furby,hfurbyns@alibaba.com,Female,57.97.198.36
858,Leigh,Rumgay,lrumgaynt@multiply.com,Male,30.254.216.127
859,Carleen,Wrigley,cwrigleynu@usgs.gov,Female,38.38.3.59
860,Odo,Gloucester,ogloucesternv@youku.com,Male,179.159.173.252
861,Raynor,Kornilov,rkornilovnw@issuu.com,Male,203.102.102.191
862,Gabbie,Webling,gweblingnx@printfriendly.com,Male,224.61.230.231
863,Micheal,McMaster,mmcmasterny@apple.com,Male,58.242.72.67
864,Orren,Styan,ostyannz@springer.com,Male,3.50.148.82
865,Ethe,Titherington,etitheringtono0@wikispaces.com,Male,235.163.253.165
866,Arielle,Stern,asterno1@delicious.com,Female,230.99.9.238
867,Bentley,Storrs,bstorrso2@nydailynews.com,Male,129.218.171.222
868,Alfie,Sedgeman,asedgemano3@dedecms.com,Female,22.157.20.77
869,Nathanil,Gebhard,ngebhardo4@printfriendly.com,Male,179.179.83.139
870,Rhodia,Audsley,raudsleyo5@mapy.cz,Female,82.28.95.30
871,Ruben,Aspin,raspino6@tuttocitta.it,Male,86.196.172.205
872,Chevy,McClune,cmccluneo7@booking.com,Male,212.3.254.149
873,Fulton,Allmark,fallmarko8@hhs.gov,Male,230.232.253.58
874,Denyse,Denning,ddenningo9@pen.io,Female,215.248.91.187
875,Borg,Tofano,btofanooa@psu.edu,Male,200.17.212.50
876,Roda,Bengtsson,rbengtssonob@statcounter.com,Female,198.107.169.92
877,Louella,Jackways,ljackwaysoc@uol.com.br,Female,13.213.4.124
878,Brew,Foulis,bfoulisod@ucla.edu,Male,88.199.84.106
879,Baxie,Scade,bscadeoe@webs.com,Male,218.221.15.20
880,Moishe,July,mjulyof@huffingtonpost.com,Male,209.145.84.77
881,Lynde,Wilmington,lwilmingtonog@cnbc.com,Female,128.254.70.170
882,Alika,Caveney,acaveneyoh@discovery.com,Female,13.49.149.199
883,Craggie,Lackemann,clackemannoi@symantec.com,Male,40.96.126.179
884,Nikoletta,Larkby,nlarkbyoj@scientificamerican.com,Female,89.245.60.95
885,Marcia,Grimm,mgrimmok@cbslocal.com,Female,91.9.84.160
886,Clevie,Kynd,ckyndol@bluehost.com,Male,245.84.71.143
887,Kiersten,Ackroyd,kackroydom@dropbox.com,Female,69.25.54.240
888,Jerome,Bourhill,jbourhillon@netlog.com,Male,5.122.162.102
889,Kati,Gillet,kgilletoo@mtv.com,Female,177.167.114.42
890,Marcellus,Villaron,mvillaronop@businessinsider.com,Male,0.166.160.115
891,Abeu,Vitet,avitetoq@gmpg.org,Male,163.237.76.216
892,Murielle,Inglese,mingleseor@nih.gov,Female,115.100.133.196
893,Berti,Treacher,btreacheros@imgur.com,Male,2.212.234.137
894,Ronni,Ramm,rrammot@163.com,Female,121.156.17.93
895,Linn,Sommerland,lsommerlandou@vinaora.com,Female,241.225.65.246
896,Sherman,Greenway,sgreenwayov@jiathis.com,Male,246.243.188.202
897,Enrique,Portt,eporttow@jalbum.net,Male,120.47.7.159
898,Lowrance,Domelaw,ldomelawox@wikipedia.org,Male,204.118.82.206
899,Abby,Bontine,abontineoy@icq.com,Male,180.213.16.96
900,Rina,Tumulty,rtumultyoz@whitehouse.gov,Female,206.186.116.238
901,Ginnie,Umney,gumneyp0@sogou.com,Female,125.121.57.112
902,Libbey,Allso,lallsop1@ow.ly,Female,105.65.209.168
903,Rozina,Haggus,rhaggusp2@chron.com,Female,61.217.24.188
904,Fritz,Harmes,fharmesp3@artisteer.com,Male,223.164.111.144
905,Olvan,Prebble,oprebblep4@sun.com,Male,48.52.187.4
906,Wilhelm,Findon,wfindonp5@shop-pro.jp,Male,119.178.179.190
907,Gawen,Luna,glunap6@netlog.com,Male,16.203.205.115
908,Franklin,Fesby,ffesbyp7@4shared.com,Male,238.189.147.79
909,Minny,Swales,mswalesp8@angelfire.com,Female,226.135.66.142
910,Jack,Plan,jplanp9@spotify.com,Male,205.241.194.118
911,Cornall,Cradoc,ccradocpa@yahoo.com,Male,245.15.137.17
912,Ericka,Tubridy,etubridypb@canalblog.com,Female,145.32.81.144
913,Gawain,McKeurton,gmckeurtonpc@goo.gl,Male,117.147.174.182
914,Thibaut,Beale,tbealepd@pcworld.com,Male,136.249.35.66
915,Edita,Lambillion,elambillionpe@linkedin.com,Female,247.137.43.134
916,Ulick,Demeter,udemeterpf@paginegialle.it,Male,253.187.232.187
917,Lancelot,Ponting,lpontingpg@gov.uk,Male,41.217.98.44
918,Alis,Willows,awillowsph@irs.gov,Female,115.205.252.108
919,Maude,Longhorne,mlonghornepi@xinhuanet.com,Female,43.17.157.132
920,Clerissa,Ramble,cramblepj@hugedomains.com,Female,237.12.135.134
921,Pavlov,Ayto,paytopk@blogtalkradio.com,Male,78.43.29.160
922,Ariel,Bythell,abythellpl@e-recht24.de,Male,60.193.163.203
923,De,Aldin,daldinpm@sakura.ne.jp,Female,239.186.28.21
924,Nickie,Revan,nrevanpn@nhs.uk,Female,179.199.190.215
925,Ashley,Husband,ahusbandpo@samsung.com,Female,156.1.199.92
926,Leon,Lorente,llorentepp@printfriendly.com,Male,56.12.104.69
927,Meryl,Bortolotti,mbortolottipq@arizona.edu,Male,156.205.6.223
928,Felicio,Thoday,fthodaypr@sina.com.cn,Male,6.4.208.79
929,Jesse,Newcom,jnewcomps@cafepress.com,Female,92.248.197.14
930,Antony,Burrus,aburruspt@spiegel.de,Male,143.254.162.136
931,Darcee,Trask,dtraskpu@boston.com,Female,35.65.239.127
932,Humfrid,Urwin,hurwinpv@pbs.org,Male,77.184.53.89
933,Ingaberg,Bramley,ibramleypw@globo.com,Female,251.108.52.164
934,Chico,Argo,cargopx@instagram.com,Male,56.207.191.131
935,Iggie,Runnett,irunnettpy@desdev.cn,Male,49.107.152.223
936,Dur,Orr,dorrpz@sourceforge.net,Male,242.104.233.98
937,Alisun,O'Tierney,aotierneyq0@dion.ne.jp,Female,231.33.7.192
938,Amie,Rebanks,arebanksq1@is.gd,Female,167.123.177.152
939,Forrester,Cackett,fcackettq2@google.cn,Male,91.228.100.124
940,Eleonore,Legat,elegatq3@dedecms.com,Female,193.217.226.52
941,Lorant,Flintoff,lflintoffq4@myspace.com,Male,133.20.87.214
942,Selig,Natte,snatteq5@wunderground.com,Male,146.84.1.251
943,Leanna,Cliburn,lcliburnq6@ehow.com,Female,180.134.108.80
944,Charleen,Fairpo,cfairpoq7@cargocollective.com,Female,53.100.80.141
945,Martin,Hackwell,mhackwellq8@go.com,Male,234.70.249.190
946,Olenolin,Brushneen,obrushneenq9@fastcompany.com,Male,159.17.180.208
947,Chevalier,Kerans,ckeransqa@twitter.com,Male,124.108.181.129
948,Darill,Snawden,dsnawdenqb@google.ru,Male,91.186.119.138
949,Rona,Swaile,rswaileqc@oracle.com,Female,130.4.161.225
950,Melvyn,Soffe,msoffeqd@amazon.de,Male,112.31.65.161
951,Jana,Thornton-Dewhirst,jthorntondewhirstqe@de.vu,Female,84.235.85.17
952,Boy,Sinson,bsinsonqf@acquirethisname.com,Male,108.87.224.93
953,Merill,Scullin,mscullinqg@geocities.com,Male,3.230.111.67
954,Rich,Domenici,rdomeniciqh@linkedin.com,Male,101.11.185.175
955,Sherm,Peaden,speadenqi@google.es,Male,174.6.28.30
956,Corette,Muzzall,cmuzzallqj@cmu.edu,Female,83.230.219.88
957,Lilllie,Danielot,ldanielotqk@phpbb.com,Female,27.137.128.139
958,Nixie,Tennewell,ntennewellql@tamu.edu,Female,175.86.32.149
959,Mari,Kiehl,mkiehlqm@latimes.com,Female,246.9.209.51
960,Vicky,Varnes,vvarnesqn@businesswire.com,Female,23.112.71.201
961,Rosalinda,Planke,rplankeqo@usa.gov,Female,52.68.21.141
962,Ynes,Duplain,yduplainqp@xrea.com,Female,29.240.254.54
963,Edsel,Fluger,eflugerqq@tumblr.com,Male,45.190.166.101
964,Fernanda,Stanton,fstantonqr@nih.gov,Female,28.113.102.89
965,Fremont,Cattlow,fcattlowqs@intel.com,Male,240.169.125.207
966,Velma,Rymell,vrymellqt@virginia.edu,Female,81.178.225.116
967,Shirl,Sotheby,ssothebyqu@blogger.com,Female,35.134.97.228
968,Chaim,Blacket,cblacketqv@businessinsider.com,Male,148.220.121.35
969,Rowan,Hovel,rhovelqw@163.com,Male,102.60.64.39
970,Debbie,Dacre,ddacreqx@uiuc.edu,Female,85.105.179.139
971,Madelaine,Hiddy,mhiddyqy@so-net.ne.jp,Female,209.179.163.231
972,Samara,Chritchley,schritchleyqz@twitpic.com,Female,156.230.97.27
973,Judon,Cox,jcoxr0@businessweek.com,Male,3.71.149.112
974,Brig,Aspden,baspdenr1@usnews.com,Male,235.137.185.54
975,Paola,Humberstone,phumberstoner2@vistaprint.com,Female,59.143.67.6
976,Shandee,Matuschek,smatuschekr3@over-blog.com,Female,157.195.85.16
977,Rivalee,Gregoratti,rgregorattir4@state.tx.us,Female,50.185.126.226
978,Samson,Peakman,speakmanr5@senate.gov,Male,236.210.134.78
979,Quent,Gavrieli,qgavrielir6@prlog.org,Male,31.148.100.6
980,Hilary,Wedgwood,hwedgwoodr7@1688.com,Female,108.251.153.245
981,Salomone,O'Shiels,soshielsr8@cbslocal.com,Male,210.43.50.175
982,Cecile,Restorick,crestorickr9@ovh.net,Female,173.18.54.54
983,Clifford,Caselli,ccasellira@cnn.com,Male,112.47.254.15
984,Jannel,Minshaw,jminshawrb@twitter.com,Female,231.159.73.30
985,Griselda,Biggs,gbiggsrc@prweb.com,Female,169.148.251.163
986,Fianna,Hanshawe,fhanshawerd@economist.com,Female,138.106.128.92
987,Cristionna,Thowes,cthowesre@census.gov,Female,245.36.7.204
988,Issiah,Hastwell,ihastwellrf@wix.com,Male,48.229.153.125
989,Gilles,Biddles,gbiddlesrg@fema.gov,Male,64.40.32.155
990,Horace,Nunson,hnunsonrh@about.me,Male,117.25.9.140
991,Cecilius,Prandini,cprandiniri@google.com.au,Male,71.165.190.159
992,Zak,Orneblow,zorneblowrj@wp.com,Male,103.86.196.50
993,Conrad,Okenden,cokendenrk@gmpg.org,Male,153.110.36.122
994,Octavius,Buckett,obuckettrl@accuweather.com,Male,39.103.194.199
995,Adrien,Sehorsch,asehorschrm@ucoz.ru,Male,119.139.44.30
996,Stillmann,Weddup,swedduprn@about.me,Male,91.17.142.138
997,Lothario,Eayrs,leayrsro@pen.io,Male,21.195.239.53
998,Quintilla,Tyers,qtyersrp@noaa.gov,Female,85.115.1.235
999,Leopold,Joysey,ljoyseyrq@ask.com,Male,51.112.41.227
1000,Pegeen,Chinery,pchineryrr@geocities.com,Female,30.127.48.133
